identyfikator;numer;litera;Warunek;negRPplus;pozRPplus;negRPminus;pozRPminus;negNRP;pozNRP;OdpRPplus;OdpRPminus;OdpNRP;wiek;plec;nastroj;SSPP_1;SSPP_2;SSPP_3;SSPP_4;SSPP_5;SSPP_6;SSPP_7;SSPP_8;SSPP_9;SSPP_10;SSPP_11;SSPP_12;SSPP_13;SSPP_14;SSPP_15;SSPP_16;SSPP_17;SSPP_18;SSPP_19;SSPP_20;SSPP_21;SSPP_22;SSPP_23;SSPP_24;SSPP_25;SSPP_26;SSPP_27;SSPP_8_R;SSPP_26_R;KU_1;KU_2;KU_3;KU_4;KU_5;KU_6;KU_7;KU_8;KU_9;KU_10;KU_11;KU_12;KU_13;KU_14;KU_15;KU_16;KU_17;KU_18;KU_19;KU_20;srePromocja;srePrewencja;rozPromPrew;PromocjaKontrola;PromocjaStandardy;PrewencjaStandardy;PrewencjaKontrola;PrewencjaSuma;PromocjaSuma;Sila;RPplusRoz;RPminusRoz;NRPRoz;RIF;bledy;RPbledy;NRPbledy;NASTAWIENIE;KU_1_R;KU_2_R;KU_3_R;KU_6_R;KU_7_R;KU_8_R;KU_11_R;KU_12_R;KU_15_R;KU_16_R;KU_20_R;AF;AS;AS_med;AF_med;KKU_suma;ZOdpRPminus;ZKKU_suma;ZAF;ZAS;warc;inter_SKU_war;inter_SKU_war1
9B;9;B;1;558;827,166667;853,888889;683,166667;633,5;651,857143;0,375;0;0,25;24;2;5;5;4;3;5;1;4;4;3;5;1;1;4;4;5;5;5;4;1;4;2;5;4;1;5;5;3;1;3;3;2,5;2,5;2,5;2,5;2,5;2,5;2,5;2,5;2,5;2,5;2,5;2,5;2,5;2,5;2,5;2,5;2,5;2,5;2,5;2,5;2,7777777778;4,2727272727;-1,4949494949;17;8;15;32;47;25;22;-269,166667;170,722222;-18,357143;0,25;0;;;;;1;2,5;2,5;2,5;2,5;2,5;2,5;2,5;2,5;2,5;2,5;2,5;25;25;1;1;50;-1,2438533571;-0,3208345246;-0,1303762501;-0,4463839827;-1
3D;3;D;1;525,75;542;514,428571;572,75;491,666667;635,875;0,75;0,25;0,625;47;2;4;2;3;3;3;3;3;4;3;3;3;3;3;4;3;4;3;2;3;2;3;4;3;3;4;3;3;3;3;3;2;2;3;1;2;3;2;3;2;2;3;2;2;1;3;2;2;2;2;2;2,7777777778;3,1818181818;-0,404040404;10;15;12;23;35;25;23;-16,25;-58,321429;-144,208333;0,375;0;;;;;1;3;3;2;2;3;2;2;3;2;3;3;22;22;1;1;44;-0,1283340765;-1,0447140844;-0,7485237855;-1,1071882191;-1
1A;1;A;1;774,142857;660,5;794,444444;644;662;700,571429;0,625;0,125;0,1875;22;2;5;4;4;4;4;5;5;5;2;3;4;3;2;4;3;3;5;4;4;4;4;5;4;4;5;5;3;5;4;3;4;2;2;1;1;3;2;3;2;3;3;4;3;3;2;2;2;2;2;2;4,2222222222;4,0909090909;0,1313131313;15;23;12;33;45;38;26;113,642857;150,444444;-38,571429;0,0625;0;;;;;1;1;3;3;2;3;2;2;1;3;3;3;20;25;1;1;45;-0,6860937168;-0,9240674911;-1,1606221424;-0,4463839827;-1
21C;21;C;1;683,5;777,75;791,4;815,5;778;903,333333;1;0,5;0,4375;20;1;4;3;4;5;4;3;3;2;3;4;3;4;3;5;3;3;3;2;3;4;3;3;4;3;3;4;4;3;3;2;4;2;2;2;1;2;2;3;2;3;2;2;2;2;2;2;1;1;2;2;3,3333333333;3,2727272727;0,0606060606;15;15;15;21;36;30;23;-94,25;-24,1;-125,333333;-0,0625;4;;;3;1;1;3;3;3;3;2;3;3;3;3;3;21;25;1;1;46;0,987185204;-0,8034208978;-0,9545729639;-0,4463839827;-1;-46
1D;1;D;1;2457;1130;2364,285714;2396;1604,5;3135;0,375;0,25;0,4375;38;2;4;2;5;4;5;4;2;4;4;5;1;3;2;4;2;4;4;2;4;2;2;4;2;3;4;5;4;3;2;2;1;2;2;1;3;3;2;3;1;3;4;2;2;1;2;4;3;2;2;1;2,8888888889;3,9090909091;-1,0202020202;10;16;15;28;43;26;17;1327;-31,714286;-1530,5;0,1875;2;1;1;1;4;3;3;2;3;2;1;3;3;1;4;24;23;1;1;47;-0,1283340765;-0,6827743045;-0,3364254285;-0,8869201403;-1;-47;47
22A;22;A;1;1761,2;1288,5;1351,25;930,666667;1390,2;1144,25;0,625;0;0,125;24;1;4;2;2;3;5;3;3;4;3;4;2;4;4;3;3;2;5;5;3;4;2;3;2;2;4;4;3;3;3;3;3;2;2;4;2;4;4;1;2;1;3;2;4;4;2;3;1;1;2;2;2,8888888889;4;-1,1111111111;12;14;17;27;44;26;17;472,7;420,583333;245,95;0,125;4;3;1;1;2;3;3;1;1;4;2;3;3;2;3;23;25;1;1;48;-1,2438533571;-0,5621277112;-0,542474607;-0,4463839827;-1;-48;48
48A;48;A;1;627,5;1308,75;603;770,5;719;597,5;0,375;0,25;0,125;20;1;3;4;5;2;3;5;5;5;3;4;5;3;2;5;5;3;3;2;4;5;3;4;3;3;4;3;2;3;3;4;4;2;4;2;2;3;4;4;4;2,5;2,5;2,5;2,5;2,5;2,5;2,5;2,5;2,5;2,5;2,5;4;3,4545454545;0,5454545455;16;20;12;26;38;36;26;-681,25;-167,5;121,5;-0,125;0;;;;;2;1;3;1;2;1;1;2,5;2,5;2,5;2,5;2,5;19,5;25;1;1;44,5;-0,1283340765;-0,9843907878;-1,2636467316;-0,4463839827;-1
8B;8;B;1;719,6;1406,25;1057,375;857,666667;1002;914,571429;0,25;0,375;0,1875;22;1;3;4;4;4;4;4;4;4;3;4;4;3;3;2;2;2;4;4;4;4;4;2;3;4;2;2;2;4;3;4;3;2;3;2;2;3;3;3;1;2;2;4;2;2;3;2;3;2;2;3;3,7777777778;3,2727272727;0,5050505051;14;20;14;22;36;34;22;-686,65;199,708333;87,428571;-0,1875;0;;;1;2;2;3;2;2;2;2;3;1;2;3;2;20;22;1;1;42;0,4294255638;-1,286007271;-1,1606221424;-1,1071882191;-1;-42
5C;5;C;1;763,25;596,5;616;609,5;811;632,666667;0,5;0,5;0,625;17;1;4;5;5;4;4;4;3;3;1;4;4;3;3;4;5;5;5;2;4;4;4;5;5;4;4;3;4;4;5;2;3;2;3;2;4;2;3;4;2;2;4;2;2;2;3;2;3;2;2;3;4,1111111111;3,7272727273;0,3838383838;18;19;14;27;41;37;29;166,75;6,5;178,333333;0,125;0;;;;;2;2;3;2;3;2;1;1;3;2;3;2;23;22;1;1;45;0,987185204;-0,9240674911;-0,542474607;-1,1071882191;-1
16A;16;A;1;783;1016,5;1041;1441,666667;1258;725,25;0,625;0,25;0,4375;20;2;2;3;5;4;4;5;5;4;2;4;5;2;4;4;4;3;4;2;4;4;3;5;5;4;2;4;2;5;4;4;3;2;2;2;3;2;3;3;2;3;4;2;4;1;2;1;2;3;1;1;4,2222222222;3,6363636364;0,5858585859;15;23;14;26;40;38;28;-233,5;-400,666667;532,75;0,1875;0;;;;;2;2;3;3;3;2;2;1;3;3;4;4;25;26;1;1;51;-0,1283340765;-0,2001879313;-0,1303762501;-0,2261159039;-1
62A;62;A;1;869,666667;1088,6;1015,857143;823,5;1021,666667;1225,428571;0,5;0,125;0,3125;20;1;4;3;2;3;4;2;2;1;4;4;1;4;5;3;3;2;2;1;2;4;3;5;2;2;4;4;3;2;2;3;2;2;1;1;3;4;2;3;4;3;3;2;2;1;4;2;1;2;1;4;2,5555555556;3,2727272727;-0,7171717172;13;10;17;19;36;23;16;-218,933333;192,357143;-203,761904;0,1875;2;1;1;1;3;3;4;1;3;2;2;3;1;3;1;26;18;1;2;44;-0,6860937168;-1,0447140844;0,0756729284;-1,9882605343;-1;-44;44
25B;25;B;1;787;785,2;1201,111111;796;713;833;0,5;0;0,3125;23;1;4;4;5;5;3;3;5;4;5;3;5;4;3;2;2;5;4;3;5;3;5;3;3;4;4;4;2;3;1;4;3;4;2;2;4;4;2;1;3;2;2;2;2;1;2;3;2;3;2;3;3,7777777778;3,6363636364;0,1414141414;14;20;13;27;40;34;25;1,8;405,111111;-120;0,3125;0;;;;;1;2;1;3;1;3;4;3;3;3;2;2;26;22;1;2;48;-1,2438533571;-0,5621277112;0,0756729284;-1,1071882191;-1
7B;7;B;1;721,5;1063,333333;1133,25;1319,5;742,5;1268,5;0,5;0;0,125;22;1;4;5;4;3;4;4;4;3;4;3;4;4;3;4;;;4;4;4;4;4;4;4;4;4;4;4;2;3;2;4;4;3;2;3;3;3;2;2;3;3;3;3;3;1;3;3;3;3;2;3;3,875;3,7272727273;0,1477272727;;;19;14;27;41;;;26;-341,833333;-186,25;-526;0,125;0;;;;;1;1;2;3;2;3;3;2;2;2;2;2;26;22;1;2;48;-1,2438533571;-0,5621277112
8A;8;A;1;947,166667;656;1398,545455;789;859,75;1104,2;0,625;0,125;0,3125;25;2;5;3;3;;;4;1;1;4;2;5;3;3;4;2;2;2;4;2;3;4;3;4;4;3;4;5;3;3;4;3;1;1;1;3;2;1;1;3;2;2;3;1;2;2;3;2;3;4;2;2;2,5;3,8181818182;-1,3181818182;;;11;16;26;42;;;21;291,166667;609,545455;-244,45;0,1875;0;;;;;1;4;4;4;4;4;2;2;4;2;3;3;33;25;1;2;58;-0,6860937168;0,6443382217
8D;8;D;1;1003,666667;1096,5;1063,818182;791,5;1367,166667;1641,25;0,875;0,875;0,625;19;2;4;3;4;4;4;2;5;4;1;2;3;2;4;4;4;4;2;2;4;3;3;3;3;3;;;;;;;;;5;;;2;2;2;4;4;2;2;2;4;2,5;2,5;2,5;2,5;2,5;2,5;2,5;2,5;2,5;2,5;2,5;3,5;3;0,5;14;;;12;;;;;;;;;-92,833333;272,318182;-274,083333;-0,25;1;;;;;2;3;3;3;3;3;3;2,5;2,5;2,5;2,5;2,5
13B;13;B;1;1525,2;2532,666667;1843,2;793;1196,75;1268,833333;0,5;0,125;0,25;32;2;3;5;4;4;2;2;4;4;3;2;2;3;2;4;5;5;3;4;4;5;4;5;4;3;4;4;2;2;3;4;3;2;2;3;3;3;2;2;3;3;3;2;3;1;3;2;2;3;3;2;3,7777777778;3,3636363636;0,4141414141;19;15;9;28;37;34;26;-1007,466667;1050,2;-72,083333;0,125;0;;;;;2;2;3;3;2;3;3;2;3;2;3;3;28;25;1;2;53;-0,6860937168;0,0411052552;0,4877712853;-0,4463839827;-1
29B;29;B;1;1335,5;1114;1053,727273;1157;1268,75;1025,8;0,75;0,125;0,375;52;1;3;5;4;3;5;5;4;5;4;3;4;4;4;5;3;3;5;4;3;4;4;4;5;3;4;4;3;2;2;3;4;3;4;1;4;4;3;3;1;3;2;3;3;1;1;2;3;1;3;2;3,5555555556;4,1818181818;-0,6262626263;15;17;16;30;46;32;26;221,5;-103,272727;242,95;0,25;0;;;;;1;1;2;1;1;2;2;3;2;4;3;3;16;28;2;1;44;-0,6860937168;-1,0447140844;-1,9848188562;0,2144202537;-1
14A;14;A;1;553;595,166667;555,428571;523,666667;568;614,571429;0,625;0,375;0,5625;28;1;1;5;5;5;5;4;5;4;1;5;5;4;5;5;5;5;5;4;5;3;4;4;5;5;4;5;1;4;5;5;4;2;2;1;3;4;3;3;1;2;4;2;2;4;4;2;3;2;4;1;4,5555555556;4,5454545455;0,0101010101;18;23;19;31;50;41;34;-42,166667;31,761904;-46,571429;0,1875;0;;;;;1;1;3;3;1;2;2;1;3;1;3;4;19;27;2;1;46;0,4294255638;-0,8034208978;-1,3666713208;-0,0058478251;-1
25C;25;C;1;594,5;767,6;676,727273;531,25;542,666667;725,75;0,375;0,5;0,4375;45;1;4;5;4;4;5;4;3;3;2;4;4;5;4;4;4;4;4;4;4;4;4;4;4;4;3;4;2;3;4;4;3;2;3;2;2;3;2;3;2;3;2;2;3;2;3;2;3;2;3;2;3,8888888889;4;-0,1111111111;17;18;18;26;44;35;28;-173,1;145,477273;-183,083333;-0,0625;2;1;;;1;2;3;2;2;3;2;3;3;2;3;3;22;28;2;1;50;0,987185204;-0,3208345246;-0,7485237855;0,2144202537;-1;-50
53A;53;A;1;1252,333333;1521,6;1221,888889;853,5;793,5;1067;0,625;0,625;0,75;22;1;4;3;5;4;4;3;4;3;2;3;4;4;4;4;4;5;4;3;4;4;4;5;3;4;4;4;2;4;4;4;4;2;3;1;4;3;2;3;2;3;2;2;4;1;3;2;3;2;3;2;3,7777777778;3,9090909091;-0,1313131313;15;19;15;28;43;34;28;-269,266667;368,388889;-273,5;0,125;0;;;;;1;1;3;2;2;3;2;3;3;2;3;3;22;28;2;1;50;1,5449448443;-0,3208345246;-0,7485237855;0,2144202537;-1
58A;58;A;1;878,666667;722,666667;1196;1178,2;798,5;703;0,75;0;0,1875;20;2;3;3;4;3;3;4;3;4;4;5;4;3;4;5;4;5;5;1;3;5;5;5;5;2;5;5;3;2;2;3;3;4;4;4;4;2;2;4;3;4;4;1;4;2;4;1;2;3;2;2;3,2222222222;4;-0,7777777778;15;14;15;29;44;29;29;156;17,8;95,5;0,1875;1;;;1;1;2;1;1;3;3;1;1;4;1;4;3;25;27;2;1;52;-1,2438533571;-0,0795413381;-0,1303762501;-0,0058478251;-1;-52
27B;27;B;1;1245;745,333333;889;677;776,25;685,571429;0,375;0,25;0,375;23;1;1;5;4;4;4;4;5;2;1;3;4;3;3;2;3;4;4;3;3;3;3;4;4;3;4;4;1;4;5;5;4;3;3;3;3;4;1;2;3;3;1;2;3;4;4;1;2;3;2;3;3,7777777778;3,4545454545;0,3232323232;15;19;13;25;38;34;27;499,666667;212;90,678571;0,125;0;;;;;1;1;2;2;1;4;3;4;3;1;4;2;25;28;2;1;53;-0,1283340765;0,0411052552;-0,1303762501;0,2144202537;-1
5B;5;B;1;851,8;753,25;667,125;749,666667;746;643,333333;0,5;0;0,3125;39;1;4;;;2;3;3;2;2;3;4;2;4;3;4;3;2;4;4;2;4;2;3;2;3;4;4;4;4;3;2;2;3;2;3;2;3;3;2;2;2;2;3;2;3;4;2;1;2;2;2;1;2,75;3;-0,25;;;15;12;21;33;;;21;98,55;-82,541667;102,666667;0,3125;0;;;;;1;2;3;2;2;3;3;2;3;3;4;4;24;29;2;1;53;-1,2438533571;0,0411052552
7A;7;A;1;712,6;648,333333;874,285714;1056,333333;625;646,666667;0,75;0,125;0,5;23;1;2;4;3;4;4;4;5;2;3;2;5;4;4;2;4;4;3;2;3;3;4;4;3;4;4;2;5;3;3;1;3;3;4;1;3;4;3;4;1;3;2;3;3;2;2;2;4;3;3;2;3,7777777778;3,0909090909;0,6868686869;15;19;14;20;34;34;22;64,266667;-182,047619;-21,666667;0,375;0;;;;;2;2;2;1;1;2;1;3;2;3;3;3;17;29;2;1;46;-0,6860937168;-0,8034208978;-1,7787696777;0,4346883325;-1
36A;36;A;1;1777,666667;988,25;1055,636364;905,5;976,5;1250,8;0,625;0,5;0,625;23;2;5;5;3;4;4;5;5;5;1;5;5;1;2;5;5;5;5;5;5;5;5;4;1;5;5;4;3;5;5;3;2;2;2;2;3;4;3;3;4;3;2;1;3;1;2;1;1;2;2;1;4,8888888889;3,9090909091;0,9797979798;19;25;12;31;43;44;29;789,416667;150,136364;-274,3;0,125;0;;;;;2;3;3;3;1;2;2;3;4;3;4;4;25;28;2;1;53;0,987185204;0,0411052552;-0,1303762501;0,2144202537;-1
22B;22;B;1;810;1263,833333;1385,875;1015;847,5;838,625;0,75;0,125;0,3125;23;2;4;3;4;4;3;5;4;3;1;2;4;3;3;5;4;4;4;4;4;5;4;3;4;4;3;4;2;5;5;4;2;2;2;3;2;2;2;3;1;3;2;2;3;2;1;2;2;2;4;3;4,2222222222;3,2727272727;0,9494949495;16;22;11;25;36;38;30;-453,833333;370,875;8,875;0,1875;0;;;;;2;3;3;3;3;3;2;3;3;4;3;2;25;29;2;1;54;-0,6860937168;0,1617518485;-0,1303762501;0,4346883325;-1
43A;43;A;1;836,75;685;1064,8;727,5;811,4;1367,5;0,625;0,375;0,3125;20;2;5;5;3;4;4;4;5;3;2;2;5;3;2;5;5;5;2;2;5;5;5;3;4;4;3;3;2;4;4;4;2;2;2;4;1;2;4;3;1;3;1;3;3;4;1;1;3;2;2;1;4,5555555556;2,7272727273;1,8282828283;19;22;11;19;30;41;32;151,75;337,3;-556,1;-0,0625;1;;;1;2;3;3;3;3;1;2;4;2;4;4;4;23;33;2;1;56;0,4294255638;0,4030450351;-0,542474607;1,3157606477;-1;-56
10D;10;D;1;747,666667;801;772,9;775,2;758;882,166667;0,875;0,5;0,5625;17;1;4;5;5;4;2;4;5;4;1;3;5;2;1;4;5;5;4;4;5;4;4;3;4;5;3;4;2;5;5;4;2;4;4;4;1;2;2;3;2;4;1;1;4;4;1;1;2;2;4;2;4,6666666667;3,1818181818;1,4848484848;18;24;8;27;35;42;31;-53,333333;-2,3;-124,166667;0,0625;2;;;1;2;3;1;1;3;3;2;4;4;4;4;3;22;37;2;1;59;0,987185204;0,764984815;-0,7485237855;2,1968329629;-1;-59
1C;1;C;1;1025,4;986,666667;773,222222;2192,5;599;1003,428571;0,5;0,25;0,5625;39;1;4;3;4;3;4;3;4;4;2;3;4;3;3;3;3;4;3;2;3;3;3;4;3;2;4;4;4;3;4;2;3;2;2;2;3;3;2;3;3;3;2;1;3;2;2;2;2;3;3;2;3;3,4545454545;-0,4545454545;12;15;13;25;38;27;23;38,733333;-1419,277778;-404,428571;0,3125;3;3;;;1;2;3;3;2;3;2;3;4;3;3;3;26;29;2;2;55;-0,1283340765;0,2823984418;0,0756729284;0,4346883325;-1;-55
12A;12;A;1;1011,5;918,2;964,777778;940,75;1297,333333;957,714286;0;0;0;54;1;4;3;2;4;4;2;2;4;2;4;4;4;4;3;3;3;2;2;2;4;3;4;3;3;4;4;3;3;4;3;2;2;2;3;3;2;2;3;3;3;3;2;2;3;1;3;3;2;3;2;2,8888888889;3,4545454545;-0,5656565657;14;12;16;22;38;26;23;93,3;24,027778;339,619047;0;0;;;;;1;3;3;3;3;3;2;2;3;4;2;3;28;28;2;2;56;-1,2438533571;0,4030450351;0,4877712853;0,2144202537;-1
26C;26;C;1;1001;875;940,555556;852,666667;809,666667;776,714286;1;0,625;0,5625;38;1;4;3;4;4;2;3;4;2;4;3;4;3;4;4;3;4;4;4;3;4;3;3;4;3;3;3;2;3;2;4;2;2;2;3;3;2;3;2;3;3;2;2;3;3;2;2;2;2;3;3;3,3333333333;3,1818181818;0,1515151515;14;16;12;23;35;30;25;126;87,888889;32,952381;-0,0625;0;;;;;1;3;3;3;3;2;3;3;3;3;3;2;28;28;2;2;56;1,5449448443;0,4030450351;0,4877712853;0,2144202537;-1
49A;49;A;1;770,666667;721,166667;636,75;897,4;902;752,375;0,875;0,75;0,375;20;1;4;5;4;4;5;4;4;2;3;5;4;4;4;5;3;3;4;2;4;3;4;5;4;3;4;4;3;4;3;3;2;2;2;3;4;2;2;3;4;3;1;1;4;3;3;2;3;3;3;1;3,7777777778;3,9090909091;-0,1313131313;15;19;18;25;43;34;26;49,5;-260,65;149,625;-0,375;1;1;;;1;3;3;3;3;3;2;4;4;2;3;4;31;33;2;2;64;2,1027044846;1,3682177815;1,1059188207;1,3157606477;-1;-64
3A;3;A;1;985,5;1287,25;741,375;835;698,25;1073,125;0,5;0,25;0,125;25;1;3;4;5;4;4;4;4;4;2;3;4;3;2;4;4;3;3;4;4;4;4;4;3;4;3;4;2;4;4;4;2;2;2;2;2;2;2;2;2;3;2;1;3;2;2;2;3;2;2;2;4;3,5454545455;0,4545454545;16;20;12;27;39;36;26;-301,75;-93,625;-374,875;-0,125;0;;;;;2;3;3;3;3;3;3;3;4;3;3;3;26;29;2;2;55;-0,1283340765;0,2823984418;0,0756729284;0,4346883325;-1
54A;54;A;1;1258,166667;1130;1161,333333;998;1126,5;1212,5;1;0;0,1875;26;2;4;5;4;4;3;3;4;2;2;1;3;3;3;4;5;5;2;3;3;4;4;3;3;3;2;3;1;3;4;5;2;1;2;3;2;2;1;2;1;3;2;2;3;2;3;2;3;4;2;1;3,7777777778;2,6363636364;1,1414141414;18;16;10;19;29;34;28;128,166667;163,333333;-86;0,1875;1;;;1;2;3;4;3;3;4;3;3;3;2;3;4;30;28;2;2;58;-1,2438533571;0,6443382217;0,8998696422;0,2144202537;-1;-58
10C;10;C;1;977;945,666667;1278,625;1057,75;1032;1180,875;0,75;0,25;0,375;38;1;4;;;2;5;3;3;4;4;2;2;5;2;4;5;3;5;4;4;5;5;5;5;5;5;2;3;1;5;4;5;2;1;1;1;4;1;1;1;2;1;2;1;2;4;1;2;4;4;2;2;4,375;3,1818181818;1,1931818182;;;22;11;24;35;;;34;31,333333;220,875;-148,875;0,125;1;;;1;2;3;4;4;4;4;4;3;4;4;3;3;34;30;2;2;64;-0,1283340765;1,3682177815;1,724066356
21B;21;B;1;852,4;731,375;742,4;774;;;1015;0,75;0,375;0,375;23;1;3;5;5;4;3;4;4;3;2;3;4;3;4;4;4;4;3;3;4;3;4;4;5;4;4;4;2;4;4;4;2;1;1;3;3;2;2;2;3;3;2;1;3;3;2;2;4;3;3;2;4;3,5454545455;0,4545454545;16;20;13;26;39;36;29;121,025;-31,6;;;0;0;;;;;2;3;4;4;3;3;3;3;4;3;3;3;32;32;2;2;64;0,4294255638;1,3682177815;1,3119679991
27A;27;A;1;1168;528,333333;604,545455;526,5;711;805,4;0,375;0,375;0,375;23;1;4;5;5;4;4;4;4;4;1;2;5;4;1;5;4;5;2;4;5;5;5;4;5;5;3;2;1;4;5;5;2;1;1;3;3;2;1;3;3;3;2;2;4;3;1;1;4;2;3;2;4,4444444444;3,1818181818;1,2626262626;18;22;11;24;35;40;35;639,666667;78,045455;-94,4;0;2;1;1;2;3;4;4;3;4;2;3;3;4;4;3;31;34;2;2;65;0,4294255638;1,4888643748;1,1059188207;1,5360287265;-1;-65;65
41A;41;A;1;674;642,333333;769,75;883;583,6;928;0,875;0,75;0,3125;25;1;4;3;5;4;2;4;4;4;3;2;3;2;3;5;4;3;4;4;5;5;4;4;3;5;4;4;2;5;3;4;2;2;1;4;4;2;1;2;3;3;2;1;4;3;2;1;4;3;3;4;4,3333333333;3,4545454545;0,8787878788;16;23;9;29;38;39;25;31,666667;-113,25;-344,4;-0,4375;0;;;;;2;3;3;4;3;4;3;3;4;3;4;1;34;32;2;2;66;2,1027044846;1,609510968;1,724066356;1,0954925689;-1
52A;52;A;1;585;632,2;597,7;699,75;589;612,666667;0,5;0;0,0625;22;1;4;4;4;4;2;2;5;2;1;2;4;4;2;4;4;4;2;4;4;4;4;4;2;2;4;2;2;4;5;4;1;1;1;4;3;1;1;1;2;3;2;1;3;4;1;2;4;3;4;2;3,6666666667;2,9090909091;0,7575757576;16;17;10;22;32;33;27;-47,2;-102,05;-23,666667;0,0625;3;1;2;2;4;4;4;4;4;4;3;4;4;3;3;36;35;2;2;71;-1,2438533571;2,2127439345;2,1361647129;1,7562968053;-1;-71;71
44A;44;A;1;535;619,833333;615,272727;588;611,5;711,25;0,875;0;0,3125;21;1;4;5;5;5;4;4;5;2;1;2;5;2;1;5;5;5;2;4;4;5;4;5;5;4;4;1;1;4;5;5;2;1;1;3;3;3;1;2;4;4;2;1;4;4;1;1;4;4;4;2;4,5555555556;2,9090909091;1,6464646465;20;21;9;23;32;41;34;-84,833333;27,272727;-99,75;0,3125;0;;;;;2;3;4;4;2;4;3;3;4;4;4;3;34;38;2;2;72;-1,2438533571;2,3333905278;1,724066356;2,4171010417;-1
32A;32;A;1;1067,5;1380;915,818182;834;598;1021,2;0,625;0;0,25;27;2;5;5;5;4;1;4;5;4;1;1;5;1;1;4;3;4;2;4;5;5;5;4;4;5;4;2;2;5;5;4;2;1;2;4;3;1;2;1;4;4;1;1;4;4;1;2;4;3;4;1;4,5555555556;2,6363636364;1,9191919192;17;24;4;25;29;41;31;-312,5;81,818182;-423,2;0,25;3;1;2;2;3;4;3;4;3;4;4;4;4;3;4;35;39;2;2;74;-1,2438533571;2,5746837144;1,9301155345;2,6373691205;-1;-74;74
17A;17;A;2;607,25;822,5;1859,75;1098,75;1079,0909090909;1843,6;1;0,375;0,6875;22;1;4;4;5;2;4;4;4;4;3;4;2;2;2;4;4;2;4;2;3;2;4;4;2;4;4;4;4;4;3;2;4;3;3;1;4;4;4;2;1;1;3;3;1;1;3;2;1;1;1;2;3,4444444444;3,5454545455;-0,101010101;12;19;12;27;39;31;19;-215,25;761;-764,5090909091;0,3125;1;1;;;1;1;2;2;1;1;3;2;2;2;3;3;17;17;1;1;34;0,4294255638;-2,2511800173;-1,7787696777;-2,2085286131;0;0
3B;3;B;2;1062,75;1027,5;1009,6;1382,6666666667;988,3636363636;1603,2;0,625;0,375;0,3125;20;1;4;5;5;4;5;4;4;5;4;5;3;2;2;4;5;2;5;1;5;5;5;5;5;3;5;2;4;1;2;2;4;4;3;2;2;3;4;3;4;3;2;4;2;1;1;3;2;2;1;3;4;3,8181818182;0,1818181818;19;17;14;28;42;36;23;35,25;-373,0666666667;-614,8363636364;-0,0625;0;;;;;1;1;1;2;2;1;2;3;1;4;2;2;19;21;1;1;40;0,4294255638;-1,5273004576;-1,3666713208;-1,3274562979;0
31A;31;A;2;797,4;1221;833,8333333333;739,5;792,2;840,1666666667;0,75;0,375;0,375;21;1;5;4;5;4;5;4;3;5;4;4;3;3;4;2;2;2;4;2;4;5;4;5;2;3;4;5;5;2;2;1;4;3;4;2;2;4;3;2;3;2;3;1;3;3;4;3;2;2;1;2;3,4444444444;4,1818181818;-0,7373737374;15;16;16;30;46;31;16;-423,6;94,3333333333;-47,9666666667;0;0;;;;;1;1;2;1;1;2;3;2;4;1;2;3;19;23;1;1;42;0,4294255638;-1,286007271;-1,3666713208;-0,8869201403;0
15A;15;A;2;1091,6666666667;1438,5;1713;;;1348,3333333333;1052,25;0,75;0,5;0,4375;24;2;2;3;4;4;3;4;3;4;3;2;2;2;3;4;4;4;5;4;3;4;3;4;3;2;4;3;4;5;3;2;2;2;2;2;3;3;4;3;3;1;3;2;2;3;2;2;2;1;2;4;3,5555555556;3,4545454545;0,101010101;15;17;10;28;38;32;21;-346,8333333333;;;296,0833333333;-0,0625;2;1;1;1;3;3;3;2;1;2;2;3;3;3;1;23;22;1;1;45;0,987185204;-0,9240674911;-0,542474607;-1,1071882191;0
23B;23;B;2;973,4;1056,3333333333;868;920,5;1130,2222222222;957,1428571429;0,5;0,25;0,125;26;1;4;3;5;3;3;3;3;3;5;4;4;3;3;3;4;3;4;4;4;4;4;4;2;4;5;4;4;4;1;2;3;2;2;3;3;4;3;4;3;2;2;2;2;2;4;2;3;1;1;2;3,5555555556;3,8181818182;-0,2626262626;14;18;13;29;42;32;19;-82,9333333333;-52,5;173,0793650794;-0,125;0;;;;;1;2;3;3;1;2;1;3;3;1;3;3;22;23;1;1;45;-0,1283340765;-0,9240674911;-0,7485237855;-0,8869201403;0
2D;2;D;2;637,75;657,5;1003,75;719;585,7777777778;665,7142857143;0,25;0,25;0,25;45;2;4;2;3;3;3;3;4;4;3;3;4;3;3;4;3;4;3;2;3;3;3;4;3;3;3;3;2;3;3;4;3;2;3;2;1;3;2;3;2;2;2;1;2;1;3;2;2;2;2;2;3;3,0909090909;-0,0909090909;11;16;12;22;34;27;25;-19,75;284,75;-79,9365079365;0;0;;;;;1;2;3;2;2;3;2;3;4;2;3;3;21;24;1;1;45;-0,1283340765;-0,9240674911;-0,9545729639;-0,6666520615;0
7D;7;D;2;554,25;531,5;571,5;542,5;635,8181818182;632,2;0,75;0,25;0,125;41;4;4;3;4;3;3;4;3;4;3;3;4;3;4;4;3;4;3;2;3;2;3;4;3;3;4;3;3;3;3;3;2;2;2;1;2;3;2;3;2;2;2;2;3;1;3;2;2;1;2;2;3;3,3636363636;-0,3636363636;11;16;13;24;37;27;24;22,75;29;3,6181818182;-0,125;0;;;;;1;3;3;3;2;3;2;3;3;2;3;3;22;24;1;1;46;-0,1283340765;-0,8034208978;-0,7485237855;-0,6666520615;0
42A;42;A;2;664,6;791;828;655;867,7142857143;638,7777777778;0,625;0;0,375;25;1;5;3;4;4;4;3;4;4;3;4;3;3;3;3;4;3;3;2;3;3;3;3;3;3;3;3;3;3;3;3;2;2;2;2;2;3;3;2;2;2;2;2;3;2;3;2;2;3;2;2;3,3333333333;3,2727272727;0,0606060606;14;16;14;22;36;30;21;-126,4;173;228,9365079365;0,375;0;;;;;1;3;3;3;2;2;3;3;3;2;3;3;25;25;1;1;50;-1,2438533571;-0,3208345246;-0,1303762501;-0,4463839827;0
17B;17;B;2;1525,6;1208;1137,6666666667;1181;1039,625;760,625;0,875;0;0,125;27;1;5;;;5;5;2;4;;;2;1;2;5;2;2;5;4;5;3;3;5;4;5;4;5;5;3;3;2;2;5;4;2,5;2,5;2,5;2,5;2,5;2,5;2,5;2,5;2,5;2,5;2,5;2,5;2,5;2,5;2,5;2,5;2,5;2,5;2,5;2,5;4,1428571429;2,8181818182;1,3246753247;;;;;8;23;31;;;34;317,6;-43,3333333333;279;0,125;0;;;;;2;2,5;2,5;2,5;2,5;2,5;2,5;2,5;2,5;2,5;2,5;2,5;25;25;1;1;50
11B;11;B;2;689,6666666667;660;1191,5;740,5;836,8571428571;636,6666666667;0,625;0,375;0,25;23;1;4;3;3;3;2;3;2;3;4;4;2;2;3;2;4;2;4;2;3;4;2;4;2;4;2;4;4;4;2;2;3;3;2;3;3;3;3;4;2;2;3;2;3;2;4;3;2;1;2;1;3,3333333333;3;0,3333333333;14;16;11;22;33;30;14;29,6666666667;451;200,1904761905;-0,125;0;;;;;2;2;2;3;2;2;1;2;3;1;2;4;21;23;1;1;44;0,4294255638;-1,0447140844;-0,9545729639;-0,8869201403;0
19A;19;A;2;1289,8333333333;2558,5;954;1011,4;1141,4285714286;807,875;0,25;0,5;0,1875;24;2;4;4;4;5;3;5;2;3;3;3;4;3;4;5;1;4;3;2;4;2;5;3;4;5;3;4;1;4;3;5;4;3;3;2;3;2;2;1;3;2;3;1;2;2;4;3;2;2;3;3;3,5555555556;3,1818181818;0,3737373737;12;20;13;22;35;32;30;-1268,6666666667;-57,4;333,5535714286;-0,3125;1;;;1;2;1;2;2;3;3;4;2;4;1;2;2;25;22;1;1;47;0,987185204;-0,6827743045;-0,1303762501;-1,1071882191;0;0
50A;50;A;2;691,6666666667;690;967,4;817,3333333333;979,1111111111;1047,4285714286;0,5;0,5;0,4375;25;1;4;4;5;3;3;4;3;4;3;3;4;2;3;2;4;4;2;4;4;5;4;4;3;4;4;4;2;4;3;4;4;2;2;1;1;3;2;4;3;3;3;1;2;1;1;2;2;3;1;1;3,8888888889;3,4545454545;0,4343434343;16;19;11;27;38;35;24;1,6666666667;150,0666666667;-68,3174603175;-0,0625;0;;;;;2;1;3;3;2;3;1;2;4;4;3;4;21;26;1;1;47;0,987185204;-0,6827743045;-0,9545729639;-0,2261159039;0
37A;37;A;2;2593,6;1502,3333333333;1150;1751,5;1660,4;1512,6666666667;0,75;0,25;0,4375;23;1;3;3;4;4;5;4;3;2;4;4;3;3;4;3;2;5;4;4;2;4;4;5;5;2;3;2;2;2;2;4;1;3;2;4;3;2,5;2,5;2,5;2,5;2,5;2,5;2,5;2,5;2,5;2,5;2,5;2,5;2,5;2,5;2,5;2,8888888889;3,6363636364;-0,7474747475;13;13;16;24;40;26;26;1091,2666666667;-601,5;147,7333333333;0,1875;0;;;;;1;4;2;3;2,5;2,5;2,5;2,5;2,5;2,5;2,5;2,5;28,5;25;1;2;53,5;-0,1283340765;0,1014285519;0,5907958745;-0,4463839827;0
12B;12;B;2;800,6666666667;602,75;713,5;653;790,7272727273;957,8;0,625;0;0,25;25;2;4;3;5;3;4;2;2;4;3;4;1;4;4;2;1;2;3;4;2;3;3;4;2;2;5;4;4;3;3;2;2;2;3;3;3;3;2;2;3;3;3;3;1;1;2;2;3;1;3;2;2,3333333333;4,0909090909;-1,7575757576;10;11;16;29;45;21;15;197,9166666667;60,5;-167,0727272727;0,25;0;;;;;1;3;3;2;2;3;3;2;2;3;3;3;26;24;1;2;50;-1,2438533571;-0,3208345246;0,0756729284;-0,6666520615;0
47A;47;A;2;1207,6666666667;1527,5;1379,75;1605,25;1295,7272727273;1213,5;0,75;0,5;0,25;20;1;4;4;5;2;4;4;2;4;4;4;3;5;5;4;3;4;4;3;2;4;3;5;2;2;4;5;2;2;2;4;2;2;1;1;3;2;1;1;2;2;4;3;3;2;3;3;2;2;2;2;2,7777777778;4,3636363636;-1,5858585859;13;12;18;30;48;25;22;-319,8333333333;-225,5;82,2272727273;-0,25;1;;;1;1;3;3;4;3;4;4;1;2;2;2;3;29;21;1;2;50;0,987185204;-0,3208345246;0,6938204637;-1,3274562979;0;0
24A;24;A;2;1125,1666666667;788;1024,25;1697,75;779,5555555556;1114,8571428571;0,75;0,25;0,5;21;4;3;3;3;3;3;3;3;3;3;3;3;3;3;3;3;3;3;3;3;3;3;3;3;3;3;3;3;3;3;3;2;2;2;2;2;2;2;2;2;2;2;2;2;2;2;2;2;2;2;2;3;3;0;12;15;12;21;33;27;21;337,1666666667;-673,5;-335,3015873016;0,25;0;;;;;1;3;3;3;3;3;3;3;3;3;3;3;26;25;1;2;51;-0,1283340765;-0,2001879313;0,0756729284;-0,4463839827;0
9D;9;D;2;774,5;604,4;653,75;685;725,3571428571;477,5;0,625;0,625;0,4375;41;1;4;4;5;4;4;4;3;3;2;2;4;3;4;5;4;4;3;4;4;5;4;4;4;4;4;3;2;3;4;4;2;2;2;2;3;3;2;2;2;3;2;2;3;2;3;2;3;2;2;3;3,8888888889;3,5454545455;0,3434343434;17;18;13;26;39;35;29;170,1;-31,25;247,8571428571;-0,1875;0;;;;;2;3;3;3;2;3;3;3;3;2;3;2;26;26;1;2;52;1,5449448443;-0,0795413381;0,0756729284;-0,2261159039;0
56A;56;A;2;1433;2517;2321;1186,5;2459,875;2350,5;1;0,75;0,8125;26;2;2;5;4;3;1;4;4;4;1;2;3;1;1;4;2;4;4;5;3;5;4;5;4;3;4;4;2;4;5;4;2;1;1;4;3;3;2;3;4;1;3;3;1;1;2;1;4;2;2;3;3,6666666667;3,1818181818;0,4848484848;15;18;5;30;35;33;28;-1084;1134,5;109,375;0,0625;0;;;;;2;3;4;4;2;3;2;2;2;3;4;2;31;22;1;2;53;2,1027044846;0,0411052552;1,1059188207;-1,1071882191;0
6D;6;D;2;1008,6666666667;952,5;1123,25;966,5;1001,9;931,8333333333;0,5;0,75;0,75;28;2;4;2;5;3;4;3;3;4;4;4;4;4;4;4;3;4;4;3;2;4;4;5;2;4;3;4;3;3;2;3;2;2;3;2;2;3;3;3;2;3;2;2;3;2;3;2;3;2;2;2;3;4;-1;12;15;16;28;44;27;23;56,1666666667;156,75;70,0666666667;0;0;;;;;1;3;3;2;2;2;2;3;3;2;3;3;22;27;2;1;49;2,1027044846;-0,4414811179;-0,7485237855;-0,0058478251;0
2B;2;B;2;1198,4;958,3333333333;1084,3333333333;781;929,4285714286;1016,7777777778;0,875;0,375;0,4375;21;2;5;4;5;5;5;5;5;5;1;5;4;4;3;5;5;4;4;3;3;4;4;5;4;4;4;5;3;2;5;3;3;2;2;3;3;4;3;3;2;3;3;2;3;2;1;2;2;2;2;2;4,1111111111;4,3636363636;-0,2525252525;18;19;17;31;48;37;29;240,0666666667;303,3333333333;-87,3492063492;0,0625;0;;;;;1;2;3;3;1;2;2;2;3;4;3;3;23;27;2;1;50;0,4294255638;-0,3208345246;-0,542474607;-0,0058478251;0
5A;5;A;2;691,75;1025,25;639,4;675,6666666667;1045,875;735;0,5;0;0,25;25;2;4;2;5;4;5;4;5;2;2;5;3;5;4;4;5;3;5;5;2;4;3;5;3;2;5;5;2;3;4;4;3;1;1;4;1;4;3;4;4;4;4;1;2;1;4;1;4;2;4;2;3,4444444444;4,6363636364;-1,1919191919;15;16;19;32;51;31;24;-333,5;-36,2666666667;310,875;0,25;0;;;;;1;2;4;4;1;2;1;1;4;1;4;3;25;28;2;1;53;-1,2438533571;0,0411052552;-0,1303762501;0,2144202537;0
18C;18;C;2;563,6666666667;798,4;587,6;607;748;718,375;0,5;0,5;0,3125;31;2;5;5;5;4;5;4;4;5;2;4;4;4;3;5;4;4;5;4;4;4;4;5;4;4;4;4;2;3;4;4;2;2;2;2;2;3;2;2;1;3;2;2;4;1;2;2;4;2;3;2;4;4,3636363636;-0,3636363636;17;19;16;32;48;36;29;-234,7333333333;-19,4;29,625;-0,1875;1;1;;;1;3;3;3;2;3;3;3;3;3;3;3;24;30;2;1;54;0,987185204;0,1617518485;-0,3364254285;0,6549564113;0;0
24C;24;C;2;1587,8;953,6666666667;2326;823,2;2143,4166666667;964,6666666667;1;0,75;0,375;37;2;4;4;5;5;5;3;3;2;2;5;2;3;2;4;4;5;3;4;4;2;4;2;4;4;2;4;2;4;4;4;4;2;2;3;2;1;2;3;2;3;3;1;3;3;2;2;3;2;3;2;3,6666666667;3,3636363636;0,303030303;15;18;15;22;37;33;27;634,1333333333;1502,8;1178,75;-0,375;0;;;;;1;1;3;3;4;3;2;2;4;3;3;3;25;30;2;1;55;2,1027044846;0,2823984418;-0,1303762501;0,6549564113;0
26A;26;A;2;1026,5;749,5;974;676,3333333333;824,2;827,3333333333;0,375;0,25;0,1875;22;1;4;5;4;5;1;5;4;3;1;4;5;2;2;5;3;5;4;5;5;4;5;3;5;5;2;2;1;5;5;5;3;3;3;4;3;4;3;4;1;3;3;2;4;2;1;2;1;1;4;2;4,5555555556;2,9090909091;1,6464646465;17;24;9;23;32;41;35;277;297,6666666667;-3,1333333333;-0,0625;1;;;1;2;2;2;2;1;2;1;2;3;4;3;3;19;29;2;1;48;-0,1283340765;-0,5621277112;-1,3666713208;0,4346883325;0;0
26B;26;B;2;877,4;938;765;1021,25;786,7777777778;1098,4285714286;0,875;0,75;0,9375;23;1;5;4;5;4;4;5;4;4;2;4;4;4;3;4;3;4;4;4;4;5;5;5;4;4;4;4;2;4;4;4;3;1;2;2;3;3;1;1;2;2;2;1;3;3;2;2;1;2;2;2;4,1111111111;4,0909090909;0,0202020202;16;21;15;30;45;37;29;-60,6;-256,25;-311,6507936508;0,1875;0;;;;;1;2;4;3;2;4;4;3;4;3;3;3;28;27;2;2;55;2,1027044846;0,2823984418;0,4877712853;-0,0058478251;0
28B;28;B;2;1119,5;1235,5;873;814,2;993,5555555556;916,2857142857;0,625;0,375;0,5;52;2;4;4;5;4;5;4;4;4;2;4;5;4;4;4;2;2;2;4;4;4;5;4;4;4;4;4;2;4;4;4;2;2;2;4;4;4;2;2;1;4;2;2;2;1;4;2;4;2;4;2;3,7777777778;4;-0,2222222222;14;20;17;27;44;34;28;-116;58,8;77,2698412698;0,125;0;;;;;1;3;3;3;1;3;3;3;3;1;3;3;27;28;2;2;55;0,4294255638;0,2823984418;0,2817221068;0,2144202537;0
45A;45;A;2;1719,8;1526;905,8;1450;1688,3333333333;1515,5714285714;0,5;0,125;0,25;20;1;3;4;4;3;4;3;4;5;2;4;3;4;4;2;4;4;4;4;2;3;4;4;4;2;3;4;3;4;4;3;3;2;1;3;3;2;1;2;2;2;2;1;3;1;2;1;2;2;2;2;3,2222222222;4;-0,7777777778;14;15;16;28;44;29;24;193,8;-544,2;172,7619047619;0,125;0;;;;;1;2;3;4;3;4;3;3;4;3;4;3;29;27;2;2;56;-0,6860937168;0,4030450351;0,6938204637;-0,0058478251;0
4A;4;A;2;761,2;1147,3333333333;781,5;813;1232,1;1361,5;0,375;0,375;0,5;20;1;4;3;4;4;4;2;4;5;4;4;3;3;4;3;3;2;4;5;4;4;3;4;4;3;4;5;4;3;2;2;2;2;2;3;3;2;2;3;2;4;1;1;3;4;1;1;4;3;4;2;3,3333333333;4,1818181818;-0,8484848485;14;16;15;31;46;30;19;-386,1333333333;-31,5;-129,4;0,125;0;;;;;1;3;3;3;3;3;2;4;4;4;4;3;28;38;2;2;66;0,4294255638;1,609510968;0,4877712853;2,4171010417;0
46A;46;A;2;869,6666666667;1022;642,75;1627,75;665,7777777778;865,7142857143;0,625;0,125;0,25;24;2;4;4;3;3;4;5;4;2;3;4;3;4;4;3;4;3;2;2;4;5;4;3;3;3;2;3;3;3;3;3;3;2;1;2;1;2;2;2;3;3;3;1;3;2;3;2;3;2;2;2;3,8888888889;3;0,8888888889;16;19;16;17;33;35;22;-152,3333333333;-985;-199,9365079365;0,125;1;1;;;2;2;3;4;3;3;3;2;4;2;3;3;26;27;2;2;53;-0,6860937168;0,0411052552;0,0756729284;-0,0058478251;0;0
15B;15;B;2;763,75;1102;1302,3333333333;1042;934,75;1302,25;0,875;0,125;0,1875;22;1;4;5;2;4;4;4;3;2;2;4;4;3;3;3;4;2;4;3;5;5;5;2;5;4;4;3;2;3;4;4;2;3;2;1;2;3;2;1;3;4;4;2;3;4;3;3;4;4;3;4;4,1111111111;3,0909090909;1,0202020202;18;19;14;20;34;37;27;-338,25;260,3333333333;-367,5;0,0625;0;;;;;2;3;2;3;2;3;4;1;3;2;2;1;27;27;2;2;54;-0,6860937168;0,1617518485;0,2817221068;-0,0058478251;0
20B;20;B;2;1305,6666666667;2656;1932,6666666667;2239,75;1266;1162,3333333333;0,25;0,125;0,1875;27;2;5;4;3;4;2;4;3;4;1;2;4;2;2;2;4;3;2;3;4;4;4;4;3;4;3;3;3;4;5;3;2;2;1;2;2;2;2;2;2;3;2;2;3;3;1;2;2;2;3;3;3,8888888889;2,7272727273;1,1616161616;16;19;8;22;30;35;24;-1350,3333333333;-307,0833333333;103,6666666667;0,0625;0;;;;;2;3;3;4;3;3;3;3;3;4;3;2;27;29;2;2;56;-0,6860937168;0,4030450351;0,2817221068;0,4346883325;0
23C;23;C;2;688;632,6666666667;559,5;595,6666666667;810,3;703;0,875;0,375;0,375;33;1;4;5;4;4;2;2;2;2;2;2;3;3;4;5;5;5;1;1;4;4;3;3;5;4;1;2;3;4;4;3;2;2;2;2;3;1;2;4;2;3;4;1;3;2;2;3;4;3;4;2;3,7777777778;2,2727272727;1,5050505051;18;16;11;14;25;34;28;55,3333333333;-36,1666666667;107,3;0;0;;;;;2;3;3;3;4;3;1;1;4;3;2;3;27;29;2;2;56;0,4294255638;0,4030450351;0,2817221068;0,4346883325;0
20C;20;C;2;735;835,6666666667;787;799,6;893,2727272727;722,4;0,625;0,5;0,1875;23;2;4;5;4;5;5;3;4;3;2;3;5;3;2;5;2;1;4;3;5;4;4;3;4;4;4;3;2;2;4;4;2;1;2;3;2;1;1;2;3;3;2;2;3;3;1;1;2;2;3;2;3,7777777778;3,3636363636;0,4141414141;16;18;13;24;37;34;27;-100,6666666667;-12,6;170,8727272727;-0,3125;1;;;1;2;3;4;3;4;4;3;3;3;4;4;3;31;31;2;2;62;0,987185204;1,1269245949;1,1059188207;0,8752244901;0;0
1B;1;B;2;756,75;992,75;948,3333333333;1068,8;831,4;1148,1666666667;0,375;0,625;0,4375;25;1;5;5;5;4;4;4;4;4;2;4;4;4;3;2;5;4;4;4;5;5;4;4;4;4;4;4;2;4;4;4;3;1;2;3;2;3;2;2;3;4;2;1;4;3;2;2;4;3;3;1;4,4444444444;4;0,4444444444;19;21;15;29;44;40;26;-236;-120,4666666667;-316,7666666667;-0,1875;0;;;;;2;2;4;3;2;3;3;3;4;3;3;4;28;35;2;2;63;1,5449448443;1,2475711882;0,4877712853;1,7562968053;0
51A;51;A;2;678,5714285714;526;763;524,5;697,4444444444;616,2857142857;0,625;0,25;0,5625;22;1;4;4;5;5;3;4;4;3;;;2;4;;;3;2;4;2;3;1;5;5;4;5;4;4;5;4;2;5;;;4;1;1;2;4;2;2;2;3;2;3;2;1;3;4;1;2;3;3;4;3;4,4444444444;3,4;1,0444444444;18;22;;;26;;;40;;;152,5714285714;238,5;81,1587301587;0,3125;0;;;;;2;4;4;3;3;3;2;3;4;4;3;2;30;33;2;2
23A;23;A;2;918,5;709,1666666667;651;653,5;956,3636363636;800;0,75;0,25;0,5625;21;2;3;3;2;3;3;3;4;3;3;2;3;2;2;3;3;3;3;3;4;3;3;3;4;4;3;3;3;4;3;3;1;1;1;4;4;1;1;1;4;3;1;1;4;3;1;1;4;4;4;1;3,4444444444;2,6363636364;0,8080808081;12;19;9;20;29;31;22;209,3333333333;-2,5;156,3636363636;0,3125;0;;;;;2;4;4;4;4;4;4;4;4;4;4;4;40;38;2;2;78;-0,1283340765;3,0572700876;2,9603614268;2,4171010417;0
33A;33;A;3;1349,8333333333;1088,5;913,3333333333;997;1135;1057,2;0;0;0,0625;30;2;4;4;4;4;4;4;4;2;4;4;4;4;4;4;4;4;4;4;4;4;4;4;3;3;4;4;4;3;2;2;3;2;3;2;3;3;3;3;3;3;3;2;3;2;2,5;2;3;3;3;3;3,7777777778;3,8181818182;-0,0404040404;16;18;16;26;42;34;23;261,3333333333;-83,6666666667;77,8;0,0625;0;;;;;1;2;3;2;2;2;2;2;3;2,5;3;2;24;26,5;1;1;50,5;-1,2438533571;-0,260511228;-0,3364254285;-0,1159818645;1
30B;30;B;3;1520,8;1133,6666666667;1477,6;1085;926,625;1501;0,625;0;0,3125;21;1;4;3;5;3;4;3;4;4;3;3;4;4;4;3;3;4;3;3;3;4;3;5;3;3;4;3;4;4;3;2;4;4;4;2;3;4;3;3;2;3;3;4;3;2;4;3;2;2;2;3;3,3333333333;3,8181818182;-0,4848484848;13;17;15;27;42;30;22;387,1333333333;392,6;-574,375;0,3125;0;;;;;1;1;1;1;1;2;2;2;1;1;2;2;17;20;1;1;37;-1,2438533571;-1,8892402374;-1,7787696777;-1,5477243767;1
57A;57;A;3;749,8;626,5;793,7142857143;662;927,1666666667;898,4444444444;0,625;0,5;0,3125;24;2;4;4;4;4;4;3;3;5;2;4;3;2;3;5;2;5;5;2;2;3;3;5;3;3;3;2;3;2;4;3;4;3;3;1;2;4;4;4;3;2;3;2;3;1;2;2;2;2;2;2;2,8888888889;3,5454545455;-0,6565656566;13;13;13;26;39;26;26;123,3;131,7142857143;28,7222222222;-0,1875;1;;;1;1;1;2;2;1;1;1;2;3;3;3;3;16;24;1;1;40;0,987185204;-1,5273004576;-1,9848188562;-0,6666520615;1;40
3C;3;C;3;655,8;719,3333333333;596,1428571429;490;749,625;629;0,875;0,125;0,125;44;2;4;3;4;3;4;3;4;4;3;4;3;3;3;3;4;3;4;3;3;3;4;4;3;3;4;4;3;3;3;3;3;2;3;2;1;4;2;4;3;2;3;2;3;1;2;2;2;2;2;2;3,2222222222;3,7272727273;-0,5050505051;13;16;14;27;41;29;22;-63,5333333333;106,1428571429;120,625;0;0;;;;;1;2;3;2;1;3;1;2;3;3;3;3;20;24;1;1;44;-0,6860937168;-1,0447140844;-1,1606221424;-0,6666520615;1
21A;21;A;3;1236,75;516,75;1244,75;641,5;1049,2;828,75;0,625;0,375;0,375;30;2;2;2;4;3;2;3;3;4;5;2;1;2;3;3;4;4;4;4;2;4;3;5;2;2;;;;;;;;;1;;;3;3;4;2;2;4;3;3;3;2;3;2;3;3;3;2;2;2;2;1;2,875;3,3333333333;-0,4583333333;13;;;9;;;;;;;;;720;603,25;220,45;0;0;;;;;1;2;2;1;1;2;2;2;3;2;3;4
4B;4;B;3;813,2;663;979;704,5;860,6;791,5;0,75;0;0,3125;17;2;4;2;5;3;3;4;4;2;2;3;3;4;5;4;3;2;2;1;3;3;3;5;4;3;3;2;4;4;4;2;4;3;4;4;2;4;2;2;2;2;3;4;4;3;3;2;3;2;1;2;3,2222222222;3,1818181818;0,0404040404;11;18;15;20;35;29;22;150,2;274,5;69,1;0,3125;0;;;;;1;1;2;1;1;3;3;2;1;2;3;3;21;24;1;1;45;-1,2438533571;-0,9240674911;-0,9545729639;-0,6666520615;1
1008C;1008;C;3;840,4;728,6666666667;771,4;787;854,8;897,1666666667;0,375;0,125;0;36;2;4;1;2;3;4;;;2;;;4;5;3;4;2;2;3;2;4;4;3;5;3;4;3;3;4;4;3;3;2;3;3;2;4;3;2;4;3;2;1;2;3;1;2;3;4;3;4;2;2;1;2,875;3,7;-0,825;12;;;15;;;;;;;18;111,7333333333;-15,6;-42,3666666667;-0,125;1;;;1;1;2;3;1;1;2;3;2;4;1;2;4;20;26;1;1;46
28C;28;C;3;591,5;457;471,6666666667;517,8;510,2727272727;533;0,75;0,25;0,1875;18;2;5;4;4;4;4;4;3;3;2;3;4;3;3;4;4;3;4;3;4;3;3;4;3;4;3;4;4;3;4;2;3;2;3;2;1;3;3;3;3;4;3;2;3;1;3;2;3;3;3;3;3,6666666667;3,4545454545;0,2121212121;15;18;13;25;38;33;23;134,5;-46,1333333333;-22,7272727273;-0,0625;0;;;;;1;2;3;2;2;2;2;2;3;2;3;2;22;26;1;1;48;-0,1283340765;-0,5621277112;-0,7485237855;-0,2261159039;1
16B;16;B;3;1029,3333333333;648;925,5;1018,6666666667;709,6666666667;877,4285714286;0,375;0,125;0,125;40;1;3;4;4;3;3;3;4;3;2;3;4;3;3;3;3;4;4;3;4;4;4;4;3;4;3;3;3;3;4;3;2;2;2;2;1;3;2;3;3;2;3;1;3;2;3;2;2;3;2;3;3,5555555556;3,2727272727;0,2828282828;14;18;12;24;36;32;25;381,3333333333;-93,1666666667;-167,7619047619;0;0;;;;;1;3;3;3;2;3;2;2;4;2;3;2;25;24;1;1;49;-0,6860937168;-0,4414811179;-0,1303762501;-0,6666520615;1
30C;30;C;3;632;617;601,25;557,3333333333;590,5;605,75;0,625;0,125;0,25;38;4;4;3;5;3;4;2;3;3;3;4;2;3;3;3;4;3;3;2;3;4;3;3;3;3;4;4;3;3;3;3;2;2;2;2;2;2;2;3;2;3;3;2;1;2;2;2;2;2;2;1;3,1111111111;3,4545454545;-0,3434343434;14;14;14;24;38;28;20;15;43,9166666667;-15,25;0,125;2;1;1;1;3;3;3;3;3;2;2;3;3;3;4;25;25;1;1;50;-0,6860937168;-0,3208345246;-0,1303762501;-0,4463839827;1;50;150
35A;35;A;3;1158;524;939,4;684,5;1287,125;926;0,375;0,25;0,3125;21;2;5;4;3;5;3;2;3;3;3;5;4;2;3;4;4;4;4;4;5;5;4;3;4;3;;;;;;;;;3;;;1;2;2;1;3;4;1;3;1;2,5;2,5;2,5;2,5;2,5;2,5;2,5;2,5;2,5;2,5;2,5;3,875;3,3333333333;0,5416666667;18;;;13;;;;;;;;;634;254,9;361,125;0,0625;1;1;1;2;4;3;3;1;4;2;2,5;2,5;2,5;2,5;2,5;24,5;25
25A;25;A;3;750;741,75;1156,3333333333;830,6;896,7;858,25;0,375;0;0,25;22;2;5;4;5;3;5;4;5;4;3;4;2;2;3;3;4;2;3;2;4;5;3;4;3;4;4;3;2;4;3;4;4;3;3;2;3;3;2;4;1;2;4;3;3;2;4;2;1;1;1;2;4,1111111111;3,5454545455;0,5656565657;16;21;14;25;39;37;20;8,25;325,7333333333;38,45;0,25;3;2;1;2;1;2;2;2;3;1;1;2;1;3;3;18;19;1;1;37;-1,2438533571;-1,8892402374;-1,5727204993;-1,7679924555;1;37;111
61A;61;A;3;827,6666666667;694;630;783,2;627,1818181818;637,2;0,625;0;0;26;1;4;4;3;4;2;4;4;4;3;1;5;1;2;5;3;3;5;4;4;4;4;3;5;3;4;4;2;5;3;4;3;2;2;1;2;3;2;4;3;2;3;4;3;1;4;3;2;2;1;4;3,8888888889;3;0,8888888889;15;20;6;27;33;35;29;133,6666666667;-153,2;-10,0181818182;0;3;2;1;2;2;3;3;2;3;1;2;1;1;2;1;22;16;1;1;38;-1,2438533571;-1,7685936442;-0,7485237855;-2,4287966919;1;38;114
19B;19;B;3;1289,5;825;1015,5;1042;834,8333333333;968,8571428571;0,625;0,375;0,3125;25;2;4;5;4;4;3;4;2;4;2;4;2;2;4;2;4;3;4;4;4;4;4;4;4;4;4;4;3;4;4;3;3;2;2;3;1;3;2;1;3;2;2;2;3;3;4;2;2;2;2;3;3,8888888889;3,7272727273;0,1616161616;17;18;13;28;41;35;22;464,5;-26,5;-134,0238095238;-0,0625;0;;;;;1;2;3;3;2;3;4;3;3;1;3;2;26;24;1;2;50;0,4294255638;-0,3208345246;0,0756729284;-0,6666520615;1
10B;10;B;3;738,5;664,25;631,4;798,6666666667;852;757,2;0,375;0,5;0,25;25;2;5;3;5;3;5;2;3;4;2;5;2;3;3;4;4;4;4;2;3;5;4;5;3;2;5;5;3;2;4;3;3;2;2;4;4;2;2;3;4;2;2;3;2;2;3;2;2;3;1;2;3;4,1818181818;-1,1818181818;15;12;16;30;46;27;24;74,25;-167,2666666667;94,8;-0,25;0;;;;;1;2;3;3;3;3;2;3;2;2;3;3;31;22;1;2;53;0,987185204;0,0411052552;1,1059188207;-1,1071882191;1
6B;6;B;3;744,6666666667;668,2;765,2;934,3333333333;766,3636363636;729,6;0,75;0,375;0,5;42;1;5;1;2;2;2;5;3;2;3;3;4;2;2;2;3;3;4;3;4;4;3;4;4;4;2;4;4;4;3;2;4;4;1;1;4;4;1;3;4;1;2;4;3;1;4;1;1;4;1;1;3,3333333333;2,7272727273;0,6060606061;10;20;9;21;30;30;21;76,4666666667;-169,1333333333;36,7636363636;0,125;0;;;;;2;1;1;4;1;4;2;3;1;1;4;4;26;20;1;2;46;0,4294255638;-0,8034208978;0,0756729284;-1,5477243767;1
10A;10;A;3;884;949,3333333333;886,2;985,3333333333;920,7;917,3333333333;0,5;0;0,125;33;2;3;3;3;3;2;3;4;3;2;2;3;2;2;3;5;3;3;3;3;3;3;3;3;3;3;3;3;3;4;3;2;2;2;2;2;2;2;2;2;2;3;2;2;2;2;2;2;2;2;2;3,3333333333;2,6363636364;0,696969697;14;16;8;21;29;30;22;-65,3333333333;-99,1333333333;3,3666666667;0,125;1;1;1;2;3;3;3;3;3;3;2;3;3;3;3;26;24;1;2;50;-1,2438533571;-0,3208345246;0,0756729284;-0,6666520615;1;50;150
30A;30;A;3;710,4;581,3333333333;806,6;692;576,4545454545;552,6;0,75;0,25;0,125;20;1;5;;;2;3;5;4;3;3;4;1;4;3;2;3;3;3;3;4;4;4;5;4;3;3;1;2;3;2;2;3;4;3;3;3;4;3;3;2;4;3;3;4;3;3;4;2;3;4;3;2;3,25;2,7272727273;0,5227272727;;;16;11;19;30;;;23;129,0666666667;114,6;23,8545454545;-0,125;3;2;;;2;1;2;2;2;2;3;2;1;1;3;3;27;25;1;2;52;-0,1283340765;-0,0795413381;0,2817221068
4D;4;D;3;1138,2;1092,3333333333;979,8;1137,6666666667;747,6;979,4;0,375;0,25;0,375;17;1;4;5;4;4;4;2;2;2;5;2;2;4;2;5;4;4;1;2;4;4;4;2;4;4;1;2;2;4;1;4;3;1;1;2;2;3;1;1;2;2;1;1;4;2;4;2;2;2;1;4;3,6666666667;2,3636363636;1,303030303;17;16;12;14;26;33;24;45,8666666667;-157,8666666667;-231,8;0,125;8;;;;;2;2;4;4;2;4;4;4;4;1;3;1;28;24;1;2;52;-0,1283340765;-0,0795413381;0,4877712853;-0,6666520615;1
63A;63;A;3;507,3333333333;495,25;599,2;581;550,5454545455;618,5;0,875;0,125;0,1875;24;2;4;4;4;4;3;3;3;3;2;2;3;3;3;4;4;4;3;2;3;4;4;2;3;3;3;2;3;3;4;3;3;2;1;2;2;2;2;1;2;2;2;3;3;1;3;2;3;3;2;2;3,4444444444;2,7272727273;0,7171717172;16;15;11;19;30;31;25;12,0833333333;18,2;-67,9545454545;0,0625;0;;;;;2;2;3;4;3;3;4;3;2;2;3;3;28;24;1;2;52;-0,6860937168;-0,0795413381;0,4877712853;-0,6666520615;1
6A;6;A;3;1196;1160,25;1303;977;1628,2857142857;1590,5714285714;0;0,125;0,0625;28;2;4;5;4;4;3;3;3;3;2;3;4;2;3;4;4;4;3;2;4;4;4;4;3;3;4;3;3;3;4;3;2;2;2;3;3;2;2;2;2;3;3;2;3;2;2;2;2;2;2;2;3,6666666667;3,0909090909;0,5757575758;17;16;11;23;34;33;26;35,75;326;37,7142857143;-0,0625;0;;;;;2;3;3;3;3;3;3;2;3;3;3;3;28;26;1;2;54;-0,6860937168;0,1617518485;0,4877712853;-0,2261159039;1
29A;29;A;3;771,4;607,3333333333;749,8;710;631,625;639,1428571429;0,25;0,25;0,375;23;1;3;2;4;2;5;3;2;3;5;5;2;4;5;3;2;3;4;4;2;3;2;4;2;2;5;4;4;2;1;2;3;3;2;2;2;3;4;1;2;2;3;2;3;2;2;3;4;1;3;1;2,2222222222;4,2727272727;-2,0505050505;9;11;19;28;47;20;15;164,0666666667;39,8;-7,5178571429;0,125;2;2;1;1;2;2;3;2;1;4;2;3;3;2;4;21;28;2;1;49;-0,1283340765;-0,4414811179;-0,9545729639;0,2144202537;1;49;147
40A;40;A;3;774;1029;726,5;774,4;755;806,7142857143;0,5;0,375;0,25;23;2;4;5;4;4;4;4;5;5;2;4;4;2;3;4;5;4;4;5;5;4;4;4;4;5;5;3;2;4;4;4;3;2;2;1;3;4;2;2;2;3;2;3;4;2,5;3;1;3;2;1;1;4,5555555556;3,9090909091;0,6464646465;18;23;13;30;43;41;28;-255;-47,9;-51,7142857143;-0,125;1;1;;;2;2;3;3;1;3;3;3;2;2;4;4;23;28,5;2;1;51,5;0,4294255638;-0,1398646347;-0,542474607;0,3245542931;1;51,5
20A;20;A;3;1096,6;647,5;1489;1282,8;875,6363636364;1731,5;0,375;0;0,0625;23;2;3;3;4;5;4;3;5;4;3;1;3;2;1;4;5;5;5;4;3;5;2;5;3;3;4;4;4;4;3;2;2;3;4;3;4;3;4;2;4;4;2;1;4;2;4;2;3;2;2;3;4;3,4545454545;0,5454545455;18;18;8;30;38;36;22;449,1;206,2;-855,8636363636;0,0625;1;1;;;2;3;2;1;2;1;3;3;4;1;3;2;25;28;2;1;53;-1,2438533571;0,0411052552;-0,1303762501;0,2144202537;1;53
60A;60;A;3;1106,6666666667;926,3333333333;1094,6666666667;801,5;1030,125;1136,4285714286;0,375;0,25;0,3125;22;1;4;5;3;4;2;5;4;4;2;2;4;2;2;5;4;4;2;3;4;2;4;5;5;3;2;4;2;5;4;4;4;2;2;2;2;3;3;2;4;3;1;2;3;2;1;1;2;3;2;2;4;2,8181818182;1,1818181818;15;21;8;23;31;36;30;180,3333333333;293,1666666667;-106,3035714286;0,0625;0;;;;;2;1;3;3;2;2;3;4;3;4;4;3;25;30;2;1;55;-0,1283340765;0,2823984418;-0,1303762501;0,6549564113;1
18B;18;B;3;757,4;751;1331;717;845;1049,8333333333;0,5;0,125;0,125;23;1;5;5;5;3;4;3;4;3;5;3;3;3;4;3;4;3;3;4;3;4;4;4;4;3;4;4;4;5;1;2;3;2;3;2;3;3;2;2;4;3;3;2;3;3;2;2;3;2;3;2;3,7777777778;3,7272727273;0,0505050505;16;18;14;27;41;34;20;6,4;614;-204,8333333333;0;0;;;;;1;2;3;2;2;3;3;2;3;3;3;3;26;29;2;2;55;-0,6860937168;0,2823984418;0,0756729284;0,4346883325;1
22C;22;C;3;885,5;1405,4;928,2;838,3333333333;1175,5555555556;854,4;0,625;0,625;0,375;25;1;5;4;5;4;1;4;3;3;2;5;5;3;5;5;2;5;4;4;4;5;4;5;5;4;5;4;2;5;4;4;1;1;1;3;3;2;2;2;3;3;2;2;3;3;1;1;3;3;2;1;3,8888888889;4;-0,1111111111;15;20;14;30;44;35;32;-519,9;89,8666666667;321,1555555556;-0,25;2;;;1;1;4;4;4;3;3;3;3;3;4;4;4;33;32;2;2;65;1,5449448443;1,4888643748;1,5180171776;1,0954925689;1;65
14B;14;B;3;919;1191,6666666667;738;736,5;1243,6;1083,6666666667;0,625;0,25;0,1875;23;1;3;5;4;4;4;5;4;4;1;4;3;3;2;4;4;4;3;4;4;4;4;4;4;4;4;4;2;4;5;4;3;2;2;2;3;2;1;3;2;2;2;1;2;3;2;2;3;2;3;2;4,2222222222;3,6363636364;0,5858585859;17;21;13;27;40;38;28;-272,6666666667;1,5;159,9333333333;-0,0625;0;;;;;2;2;3;3;3;4;2;3;4;3;3;3;26;29;2;2;55;-0,1283340765;0,2823984418;0,0756729284;0,4346883325;1
9A;9;A;3;1519;1210,5;987,8;880,6666666667;987,625;1244,2;0,875;0;0;24;2;5;4;5;4;3;3;4;3;2;2;5;3;2;2;3;3;3;4;4;3;4;4;3;4;4;3;2;5;4;4;2;2;2;2;2;2;2;2;2;3;2;1;3;2;2;2;2;2;3;2;3,7777777778;3,2727272727;0,5050505051;14;20;10;26;36;34;25;308,5;107,1333333333;-256,575;0;0;;;;;2;3;3;3;3;3;3;3;4;3;3;3;26;29;2;2;55;-1,2438533571;0,2823984418;0,0756729284;0,4346883325;1
24B;24;B;3;944,5;773,5;773,6666666667;630,75;718,9090909091;764,4;0,875;0,125;0,4375;24;1;4;3;2;4;4;4;4;2;2;3;4;3;2;4;4;4;4;2;3;4;4;4;4;4;3;3;2;4;4;4;2;2;2;3;3;2;3;3;2;3;2;1;3;3;2;2;3;2;3;3;3,7777777778;2,9090909091;0,8686868687;15;19;12;20;32;34;28;171;142,9166666667;-45,4909090909;0,3125;0;;;;;2;3;3;3;3;2;2;3;4;3;3;2;26;30;2;2;56;-0,6860937168;0,4030450351;0,0756729284;0,6549564113;1
5D;5;D;3;879;777,5714285714;799,7142857143;700;811,6;688;0,375;0,5;0,3125;23;2;4;5;4;4;4;4;3;3;2;4;4;4;4;3;4;4;3;4;4;5;4;3;3;4;4;3;4;4;4;2;2;3;1;2;3;2;2;1;2;3;2;2;3;2;2;2;3;2;2;2;4,1111111111;3,6363636364;0,4747474747;18;19;16;24;40;37;24;101,4285714286;99,7142857143;123,6;-0,1875;1;;;;;2;3;2;4;3;3;4;3;3;3;3;3;28;28;2;2;56;0,987185204;0,4030450351;0,4877712853;0,2144202537;1
18A;18;A;3;1198,5;1376;1145,25;1134,75;1275;1050,3333333333;0,5;0,625;0,4375;24;2;4;;;5;3;2;5;5;5;2;2;5;3;2;4;4;5;4;5;5;4;3;5;4;4;4;4;2;4;4;4;3;1;2;3;3;2;2;3;3;3;2;2;4;1;2;1;3;2;3;1;4,25;3,7272727273;0,5227272727;;;23;9;32;41;;;29;-177,5;10,5;224,6666666667;-0,1875;2;;;2;2;2;4;3;3;3;2;3;3;3;4;4;28;31;2;2;59;1,5449448443;0,764984815;0,4877712853
39A;39;A;3;658;571,3333333333;1043;1167,5;938,5714285714;1007,375;0,5;0;0,0625;26;2;4;4;3;4;2;4;5;3;1;3;3;2;4;4;5;4;3;4;4;4;2;3;4;4;3;2;3;3;5;3;2;2;2;4;3;1;2;2;3;3;1;1;3;3;1;2;3;2;3;3;4,1111111111;2,9090909091;1,202020202;17;20;11;21;32;37;25;86,6666666667;-124,5;-68,8035714286;0,0625;0;;;;;2;3;3;3;4;3;3;4;4;4;3;2;31;32;2;2;63;-1,2438533571;1,2475711882;1,1059188207;1,0954925689;1
55A;55;A;3;1045,25;918;1071;1020,3333333333;1186,5;1249,75;0,625;0,375;0,375;23;1;3;5;4;4;3;5;5;4;1;2;5;4;2;4;4;5;4;5;5;5;5;4;4;3;4;4;1;3;5;5;2;1;2;3;4;2;1;2;4;4;1;2;3;3;2;1;3;2,5;3;3;4,3333333333;3,6363636364;0,696969697;18;21;11;29;40;39;33;127,25;50,6666666667;-63,25;0;0;;;;;2;3;4;3;3;4;3;4;3;3;4;2;33,5;32;2;2;65,5;0,4294255638;1,5491876714;1,6210417668;1,0954925689;1
38A;38;A;3;1408,6666666667;951;809;1693,6666666667;1019;1174,2;0,5;0,125;0,25;25;1;3;5;4;5;1;4;5;2;1;2;5;2;2;5;4;5;3;3;5;5;5;3;5;5;3;1;1;3;5;5;1;1;1;4;3;2;1;3;4;3;2;1;4;4;1;1;4;3;4;4;4,5555555556;2,3636363636;2,1919191919;19;22;7;19;26;41;35;457,6666666667;-884,6666666667;-155,2;0,125;2;1;1;2;4;4;4;3;4;2;3;4;4;4;1;35;35;2;2;70;-0,6860937168;2,0920973412;1,9301155345;1,7562968053;1;70;210
7C;7;C;3;853,25;928,25;784,6666666667;749,8;922,3636363636;787,4;0,75;0,375;0,25;17;1;5;5;5;5;5;5;3;4;1;3;5;1;5;5;4;5;1;5;5;1;5;5;5;5;1;4;1;3;5;5;1;1;1;4;4;1;1;1;4;4;1;1;4;4;1;1;4;4;4;4;4;3,5454545455;0,4545454545;15;21;14;25;39;36;35;-75;34,8666666667;134,9636363636;-0,125;4;1;3;2;4;4;4;4;4;4;4;4;4;4;1;40;37;2;2;77;0,4294255638;2,9366234943;2,9603614268;2,1968329629;1;77;231
